Date,Time,Booking_ID,Booking_Status,Customer_ID,Vehicle_Type,Pickup_Location,Drop_Location,V_TAT,C_TAT,Canceled_Rides_by_Customer,Canceled_Rides_by_Driver,Incomplete_Rides,Incomplete_Rides_Reason,Booking_Value,Payment_Method,Ride_Distance,Driver_Ratings,Customer_Rating
7/26/2024 14:00,14:00:00,CNR7153255142,Canceled by Driver,CID713523,Prime Sedan,Tumkur Road,RT Nagar,null,null,null,Personal & Car related issue,null,null,444,null,0,null,null
7/25/2024 22:20,22:20:00,CNR2940424040,Success,CID225428,Bike,Magadi Road,Varthur,203,30,null,null,No,null,158,Cash,13,4.1,4
7/30/2024 19:59,19:59:00,CNR2982357879,Success,CID270156,Prime SUV,Sahakar Nagar,Varthur,238,130,null,null,No,null,386,UPI,40,4.2,4.8
7/22/2024 3:15,3:15:00,CNR2395710036,Canceled by Customer,CID581320,eBike,HSR Layout,Vijayanagar,null,null,Driver is not moving towards pickup location,null,null,null,384,null,0,null,null
7/2/2024 9:02,9:02:00,CNR1797421769,Success,CID939555,Mini,Rajajinagar,Chamarajpet,252,80,null,null,No,null,822,Credit Card,45,4,3
7/13/2024 4:42,4:42:00,CNR8787177882,Success,CID802429,Mini,Kadugodi,Vijayanagar,231,90,null,null,No,null,173,UPI,41,3.4,4.6
7/23/2024 9:51,9:51:00,CNR3612067560,Success,CID476071,Bike,Tumkur Road,Whitefield,133,40,null,null,No,null,140,Cash,49,3.2,4.5
7/11/2024 11:12,11:12:00,CNR5374902489,Canceled by Driver,CID735691,Prime Plus,Bannerghatta Road,Sarjapur Road,null,null,null,Personal & Car related issue,null,null,344,null,0,null,null
7/1/2024 19:19,19:19:00,CNR5030602354,Driver Not Found,CID999840,Mini,Chamarajpet,Peenya,null,null,null,null,null,null,839,null,0,null,null
7/18/2024 1:31,1:31:00,CNR6328453219,Canceled by Driver,CID907133,Auto,RT Nagar,Varthur,null,null,null,Personal & Car related issue,null,null,893,null,0,null,null
7/29/2024 23:33,23:33:00,CNR4787583516,Success,CID923404,Prime Plus,Hosur Road,Jayanagar,35,55,null,null,No,null,164,Cash,46,4.5,3.4
7/26/2024 4:03,4:03:00,CNR7943634301,Success,CID647026,Prime Plus,Kammanahalli,Rajajinagar,238,95,null,null,No,null,399,Cash,18,3.9,4.4
7/27/2024 13:18,13:18:00,CNR4524472111,Success,CID540929,Auto,Cox Town,Yelahanka,126,35,null,null,No,null,330,UPI,8,3,4.8
7/17/2024 18:55,18:55:00,CNR3914552212,Canceled by Driver,CID557845,Auto,Hosur Road,Banashankari,null,null,null,Personal & Car related issue,null,null,427,null,0,null,null
7/16/2024 9:54,9:54:00,CNR8181602032,Success,CID167642,Bike,Indiranagar,MG Road,70,95,null,null,No,null,378,UPI,18,4.8,4.1
7/2/2024 10:25,10:25:00,CNR8090918544,Success,CID640151,Bike,Magadi Road,HSR Layout,126,95,null,null,No,null,343,UPI,23,3.7,3.6
7/2/2024 23:50,23:50:00,CNR3211335290,Driver Not Found,CID630354,Mini,Ramamurthy Nagar,BTM Layout,null,null,null,null,null,null,366,null,0,null,null
7/5/2024 23:42,23:42:00,CNR3196156650,Success,CID243275,Bike,Electronic City,Langford Town,140,40,null,null,No,null,401,Cash,8,3.3,3.9
7/9/2024 11:11,11:11:00,CNR9975925287,Success,CID162055,Prime SUV,Magadi Road,RT Nagar,42,30,null,null,No,null,343,UPI,17,3,3.8
7/12/2024 14:44,14:44:00,CNR1591113431,Success,CID902781,eBike,Koramangala,Sarjapur Road,245,70,null,null,No,null,2014,Cash,33,4.2,4.9
7/11/2024 20:42,20:42:00,CNR3650331573,Success,CID217093,eBike,Basavanagudi,Hulimavu,84,25,null,null,No,null,650,Cash,34,4.9,3.4
7/8/2024 22:33,22:33:00,CNR6013805089,Success,CID817034,Prime Sedan,Padmanabhanagar,Jayanagar,168,65,null,null,No,null,231,Cash,2,3.2,3.7
7/16/2024 10:17,10:17:00,CNR4306636052,Canceled by Driver,CID103842,Prime SUV,Mysore Road,Vijayanagar,null,null,null,Customer was coughing/sick,null,null,909,null,0,null,null
7/3/2024 18:20,18:20:00,CNR9832070187,Success,CID655872,Bike,Koramangala,BTM Layout,231,145,null,null,No,null,189,Cash,6,4.9,3.3
7/3/2024 21:17,21:17:00,CNR5620539253,Success,CID290480,Prime Plus,Mysore Road,Sahakar Nagar,56,105,null,null,No,null,311,Cash,28,4.3,3
7/19/2024 21:18,21:18:00,CNR4443921904,Success,CID654618,Mini,Tumkur Road,Koramangala,231,50,null,null,No,null,286,UPI,44,4,3.3
7/25/2024 3:44,3:44:00,CNR7194303296,Success,CID538245,Mini,Mysore Road,Hennur,175,50,null,null,No,null,141,UPI,35,4.7,3.1
7/15/2024 17:11,17:11:00,CNR6494005067,Success,CID805360,Auto,Yelahanka,Malleshwaram,84,60,null,null,No,null,214,UPI,2,3.3,4.5
7/30/2024 19:44,19:44:00,CNR6805579107,Success,CID810214,Prime SUV,Indiranagar,Indiranagar,35,145,null,null,No,null,2183,Cash,20,4,4.4
7/21/2024 8:26,8:26:00,CNR6003663433,Canceled by Customer,CID350426,Prime Plus,Rajajinagar,Chamarajpet,null,null,Driver asked to cancel,null,null,null,604,null,0,null,null
7/23/2024 7:04,7:04:00,CNR2998177390,Driver Not Found,CID946041,Auto,RT Nagar,Yelahanka,null,null,null,null,null,null,802,null,0,null,null
7/27/2024 6:18,6:18:00,CNR7979458138,Success,CID978509,eBike,Frazer Town,Indiranagar,189,65,null,null,No,null,1095,Cash,38,4.8,4.7
7/23/2024 10:17,10:17:00,CNR7286474506,Canceled by Customer,CID500806,eBike,Jayanagar,Richmond Town,null,null,Driver is not moving towards pickup location,null,null,null,120,null,0,null,null
7/23/2024 12:56,12:56:00,CNR9820692957,Success,CID625327,Prime Sedan,Koramangala,Hosur Road,49,85,null,null,No,null,241,Cash,33,3.2,3.5
7/8/2024 11:52,11:52:00,CNR4094067439,Success,CID896062,Prime Sedan,Majestic,Jayanagar,77,140,null,null,No,null,475,Cash,45,4.3,3.1
7/14/2024 5:25,5:25:00,CNR7142279862,Success,CID378034,eBike,Yeshwanthpur,JP Nagar,210,45,null,null,No,null,461,UPI,49,4.5,3.1
7/23/2024 9:33,9:33:00,CNR5488574120,Canceled by Driver,CID169284,Auto,Peenya,Hosur Road,null,null,null,Customer related issue,null,null,783,null,0,null,null
7/3/2024 16:16,16:16:00,CNR8148468821,Canceled by Driver,CID347094,Prime Plus,Marathahalli,BTM Layout,null,null,null,Customer was coughing/sick,null,null,995,null,0,null,null
7/3/2024 0:58,0:58:00,CNR5176704322,Success,CID296026,Prime Plus,KR Puram,Hennur,287,40,null,null,Yes,Customer Demand,1102,UPI,41,3.1,3.5
7/24/2024 17:31,17:31:00,CNR9287248724,Canceled by Driver,CID959554,Prime SUV,Hosur Road,Yeshwanthpur,null,null,null,Customer related issue,null,null,170,null,0,null,null
7/10/2024 21:56,21:56:00,CNR7547352327,Success,CID976231,Prime Plus,Hulimavu,Rajarajeshwari Nagar,210,105,null,null,No,null,444,UPI,6,3.8,4.9
7/20/2024 15:30,15:30:00,CNR9660405769,Canceled by Driver,CID483311,eBike,Electronic City,Varthur,null,null,null,Customer related issue,null,null,1130,null,0,null,null
7/11/2024 3:22,3:22:00,CNR4251304471,Success,CID888740,Prime SUV,Shivajinagar,Jayanagar,294,145,null,null,No,null,876,Cash,21,4.7,3.3
7/6/2024 15:02,15:02:00,CNR1568684278,Success,CID709612,Prime Plus,Bannerghatta Road,Majestic,42,90,null,null,No,null,680,UPI,24,4.7,3.8
7/5/2024 20:28,20:28:00,CNR2230045814,Success,CID961125,Prime SUV,Cox Town,Chamarajpet,266,65,null,null,No,null,425,Cash,11,3.5,4.6
7/11/2024 11:28,11:28:00,CNR7871058089,Success,CID221021,Mini,Hennur,Kengeri,56,140,null,null,No,null,989,Cash,4,4.5,4.2
7/16/2024 16:25,16:25:00,CNR5503358927,Driver Not Found,CID552049,Bike,Peenya,MG Road,null,null,null,null,null,null,594,null,0,null,null
7/12/2024 18:02,18:02:00,CNR2708187615,Success,CID415325,Prime Plus,Devanahalli,Rajajinagar,294,95,null,null,No,null,443,Cash,5,3.4,3.1
7/16/2024 22:35,22:35:00,CNR1625119636,Success,CID745270,eBike,Ramamurthy Nagar,Sahakar Nagar,35,95,null,null,No,null,721,Cash,19,3.8,4.7
7/26/2024 13:20,13:20:00,CNR9312632867,Success,CID649563,Prime SUV,Tumkur Road,Mysore Road,217,120,null,null,Yes,Vehicle Breakdown,2936,Cash,34,4.1,4.6
7/25/2024 3:33,3:33:00,CNR5274603340,Success,CID477783,Prime SUV,Electronic City,Banashankari,77,35,null,null,No,null,747,Cash,25,5,3.5
7/17/2024 3:30,3:30:00,CNR1050003752,Success,CID993137,Bike,Chamarajpet,Shivajinagar,308,110,null,null,No,null,799,UPI,25,3.9,4.7
7/7/2024 5:59,5:59:00,CNR3603517873,Success,CID386651,eBike,Rajarajeshwari Nagar,Marathahalli,63,135,null,null,No,null,300,Cash,14,3.3,4.6
7/1/2024 2:21,2:21:00,CNR1557960488,Driver Not Found,CID884386,Prime SUV,Rajarajeshwari Nagar,Varthur,null,null,null,null,null,null,162,null,0,null,null
7/1/2024 2:45,2:45:00,CNR9758857830,Success,CID528642,Prime Plus,HSR Layout,Magadi Road,308,70,null,null,No,null,618,UPI,30,3.5,3.7
7/2/2024 4:17,4:17:00,CNR8080410192,Success,CID416746,eBike,Jayanagar,JP Nagar,91,120,null,null,No,null,251,UPI,9,5,4.4
7/13/2024 2:27,2:27:00,CNR1648186942,Canceled by Driver,CID713303,Bike,Hennur,Padmanabhanagar,null,null,null,More than permitted people in there,null,null,543,null,0,null,null
7/25/2024 10:57,10:57:00,CNR2433490646,Success,CID954071,Mini,Hennur,Chamarajpet,35,115,null,null,No,null,724,Cash,11,4.5,4.8
7/18/2024 0:37,0:37:00,CNR7825941026,Success,CID234007,Mini,Marathahalli,Langford Town,196,80,null,null,No,null,316,UPI,27,3.1,4.7
7/22/2024 13:08,13:08:00,CNR9148580255,Success,CID164393,Prime SUV,Tumkur Road,Magadi Road,224,60,null,null,No,null,138,UPI,24,5,3
7/15/2024 7:21,7:21:00,CNR2946309760,Success,CID984343,Prime Plus,Hosur Road,Hennur,280,55,null,null,No,null,467,Cash,24,4.5,4.2
7/19/2024 10:29,10:29:00,CNR3472489570,Driver Not Found,CID621402,Prime SUV,Electronic City,Marathahalli,null,null,null,null,null,null,565,null,0,null,null
7/7/2024 16:56,16:56:00,CNR1768885472,Canceled by Driver,CID130993,Prime SUV,Basavanagudi,Padmanabhanagar,null,null,null,More than permitted people in there,null,null,276,null,0,null,null
7/6/2024 1:18,1:18:00,CNR7486448495,Success,CID931462,Auto,Ulsoor,Padmanabhanagar,63,65,null,null,No,null,296,UPI,5,4,4.3
7/4/2024 15:32,15:32:00,CNR2735636504,Driver Not Found,CID111173,Prime SUV,Cox Town,Chamarajpet,null,null,null,null,null,null,1310,null,0,null,null
7/26/2024 17:17,17:17:00,CNR7533317866,Canceled by Customer,CID867762,Mini,Shantinagar,Hulimavu,null,null,AC is Not working,null,null,null,771,null,0,null,null
7/1/2024 2:55,2:55:00,CNR5758479139,Success,CID805528,Prime Sedan,RT Nagar,Chickpet,42,25,null,null,No,null,279,Cash,43,4.3,3.4
7/22/2024 16:24,16:24:00,CNR8021985469,Success,CID604351,Mini,Hosur Road,Kadugodi,308,145,null,null,No,null,321,Cash,39,3.3,4.7
7/21/2024 19:56,19:56:00,CNR3800597072,Success,CID386103,Mini,JP Nagar,Chickpet,189,35,null,null,No,null,457,Cash,1,4.1,3.4
7/5/2024 13:55,13:55:00,CNR6179425512,Success,CID607886,Mini,Bannerghatta Road,Basavanagudi,217,45,null,null,No,null,139,Cash,45,4.9,3.8
7/29/2024 19:40,19:40:00,CNR7924302885,Success,CID517661,Auto,Magadi Road,Nagarbhavi,168,140,null,null,Yes,Customer Demand,685,UPI,7,4.1,4.9
7/15/2024 21:19,21:19:00,CNR7181374756,Canceled by Driver,CID700952,Auto,Devanahalli,Kammanahalli,null,null,null,More than permitted people in there,null,null,150,null,0,null,null
7/16/2024 13:15,13:15:00,CNR2830899440,Success,CID808607,Mini,Kadugodi,Frazer Town,133,90,null,null,No,null,196,UPI,21,4.3,3.4
7/14/2024 11:37,11:37:00,CNR7592165192,Canceled by Driver,CID863704,Prime SUV,Rajarajeshwari Nagar,HSR Layout,null,null,null,Personal & Car related issue,null,null,424,null,0,null,null
7/11/2024 21:40,21:40:00,CNR6077524333,Canceled by Driver,CID708519,Prime SUV,Chickpet,Shantinagar,null,null,null,More than permitted people in there,null,null,827,null,0,null,null
7/14/2024 4:15,4:15:00,CNR8854206454,Success,CID932765,eBike,Langford Town,Kadugodi,301,115,null,null,No,null,770,Cash,27,3.3,4.3
7/17/2024 7:30,7:30:00,CNR6387231274,Driver Not Found,CID686160,Prime Sedan,Bannerghatta Road,Indiranagar,null,null,null,null,null,null,325,null,0,null,null
7/4/2024 14:43,14:43:00,CNR6215530366,Success,CID713821,eBike,Devanahalli,Jayanagar,161,25,null,null,No,null,986,Cash,18,4.6,4.8
7/29/2024 14:56,14:56:00,CNR4314026109,Success,CID259573,Prime SUV,Tumkur Road,Bannerghatta Road,266,115,null,null,No,null,2208,Cash,40,4,4.5
7/17/2024 19:55,19:55:00,CNR9027465661,Success,CID737388,Prime Sedan,BTM Layout,Majestic,168,30,null,null,No,null,1695,UPI,20,4.5,4.7
7/20/2024 10:58,10:58:00,CNR5003494701,Canceled by Driver,CID761134,Mini,Sarjapur Road,Majestic,null,null,null,Customer related issue,null,null,305,null,0,null,null
7/8/2024 9:18,9:18:00,CNR2064658821,Success,CID954441,Bike,Peenya,Devanahalli,63,105,null,null,No,null,2271,Cash,37,3.4,4.2
7/7/2024 1:31,1:31:00,CNR2149029235,Success,CID596869,Auto,Chickpet,Hennur,154,135,null,null,No,null,240,UPI,4,4,4.9
7/30/2024 1:20,1:20:00,CNR9704400677,Success,CID974657,Mini,Langford Town,Vijayanagar,287,95,null,null,No,null,482,Cash,37,4.4,3.9
7/3/2024 11:25,11:25:00,CNR8836460204,Success,CID716037,eBike,Bellandur,Shantinagar,252,45,null,null,No,null,536,UPI,17,3.9,4.4
7/11/2024 10:44,10:44:00,CNR3697318609,Success,CID915228,Bike,Sarjapur Road,Chickpet,287,100,null,null,No,null,188,UPI,37,4.9,4.1
7/22/2024 18:17,18:17:00,CNR6541289543,Canceled by Driver,CID656539,Prime SUV,Frazer Town,Whitefield,null,null,null,Customer related issue,null,null,202,null,0,null,null
7/21/2024 6:54,6:54:00,CNR8369601219,Canceled by Driver,CID581505,Prime SUV,Richmond Town,Jayanagar,null,null,null,Customer related issue,null,null,1609,null,0,null,null
7/22/2024 0:21,0:21:00,CNR8346388703,Canceled by Driver,CID680143,Mini,Magadi Road,BTM Layout,null,null,null,Personal & Car related issue,null,null,1821,null,0,null,null
7/26/2024 9:39,9:39:00,CNR4445082348,Success,CID336831,Mini,Yelahanka,BTM Layout,42,40,null,null,No,null,415,UPI,22,3.6,3.1
7/26/2024 6:06,6:06:00,CNR5528764313,Success,CID808205,Prime SUV,Ramamurthy Nagar,Bannerghatta Road,308,145,null,null,No,null,2125,UPI,6,3.8,4.6
7/3/2024 15:04,15:04:00,CNR3967141568,Canceled by Driver,CID163765,Auto,Padmanabhanagar,Ramamurthy Nagar,null,null,null,Customer related issue,null,null,758,null,0,null,null
7/7/2024 9:55,9:55:00,CNR7054352438,Driver Not Found,CID270321,Mini,Hennur,Cox Town,null,null,null,null,null,null,653,null,0,null,null
7/22/2024 12:51,12:51:00,CNR1640228587,Success,CID190281,Prime Sedan,Kengeri,Mysore Road,168,135,null,null,Yes,Other Issue,704,Cash,42,4.7,4.8
7/19/2024 4:48,4:48:00,CNR6684033796,Success,CID352268,Auto,Indiranagar,Whitefield,84,105,null,null,No,null,385,Cash,19,4.1,3.7
7/1/2024 5:03,5:03:00,CNR4158584922,Success,CID772392,Auto,Sahakar Nagar,Ramamurthy Nagar,35,45,null,null,No,null,934,UPI,12,3.3,5
7/23/2024 4:01,4:01:00,CNR5133236273,Canceled by Driver,CID905849,Prime Plus,Banashankari,Chickpet,null,null,null,Customer related issue,null,null,615,null,0,null,null
7/26/2024 8:22,8:22:00,CNR5661490576,Success,CID546076,Bike,Magadi Road,Electronic City,56,30,null,null,No,null,2202,Cash,44,4.7,3.4
7/5/2024 12:36,12:36:00,CNR2304446757,Success,CID432144,eBike,Rajarajeshwari Nagar,MG Road,252,145,null,null,No,null,205,Cash,43,4.1,3.1
7/18/2024 7:21,7:21:00,CNR3780555542,Canceled by Customer,CID803813,Mini,Tumkur Road,Chamarajpet,null,null,Driver asked to cancel,null,null,null,513,null,0,null,null
7/21/2024 8:21,8:21:00,CNR1559782157,Success,CID906966,Auto,Ulsoor,Bellandur,182,50,null,null,No,null,247,Cash,8,3.1,3.3
7/13/2024 2:55,2:55:00,CNR7623690602,Success,CID526261,Bike,Cox Town,Malleshwaram,259,75,null,null,Yes,Other Issue,558,UPI,41,3.2,3.2
7/8/2024 7:56,7:56:00,CNR2098165198,Success,CID619972,Prime Sedan,Yelahanka,Ramamurthy Nagar,217,55,null,null,No,null,291,UPI,5,3.8,3.3
7/22/2024 4:32,4:32:00,CNR5502012579,Success,CID748475,Mini,Vijayanagar,Kengeri,56,110,null,null,No,null,925,Cash,22,3,4
7/24/2024 21:58,21:58:00,CNR4698965967,Success,CID529347,Prime Sedan,Ramamurthy Nagar,Chickpet,280,30,null,null,No,null,121,Cash,44,3.8,4.5
7/21/2024 3:13,3:13:00,CNR8566688320,Driver Not Found,CID175878,Bike,Chickpet,Shivajinagar,null,null,null,null,null,null,404,null,0,null,null
7/29/2024 12:44,12:44:00,CNR8014852782,Canceled by Customer,CID737119,Prime Plus,Kammanahalli,Magadi Road,null,null,Change of plans,null,null,null,223,null,0,null,null
7/15/2024 8:31,8:31:00,CNR6012739836,Driver Not Found,CID308763,Prime Sedan,Ramamurthy Nagar,Magadi Road,null,null,null,null,null,null,2989,null,0,null,null
7/1/2024 11:01,11:01:00,CNR3404012927,Success,CID344186,Mini,Chickpet,Chamarajpet,63,130,null,null,No,null,728,Cash,14,4.3,5
7/11/2024 10:50,10:50:00,CNR9282027845,Success,CID767941,Bike,Yeshwanthpur,KR Puram,210,85,null,null,No,null,2416,UPI,49,3.1,3.8
7/30/2024 10:02,10:02:00,CNR5508853708,Canceled by Customer,CID812594,Prime Plus,Shivajinagar,HSR Layout,null,null,Driver is not moving towards pickup location,null,null,null,371,null,0,null,null
7/7/2024 18:36,18:36:00,CNR4241139229,Success,CID133723,Prime Plus,Kammanahalli,Shivajinagar,203,25,null,null,No,null,258,Cash,32,4.7,4.1
7/27/2024 23:48,23:48:00,CNR8306274838,Driver Not Found,CID117206,Bike,Bellandur,Rajarajeshwari Nagar,null,null,null,null,null,null,170,null,0,null,null
7/16/2024 15:25,15:25:00,CNR1903850514,Canceled by Customer,CID126419,eBike,Mysore Road,Vijayanagar,null,null,Driver asked to cancel,null,null,null,151,null,0,null,null
7/26/2024 21:02,21:02:00,CNR1852948877,Canceled by Driver,CID953990,Prime Sedan,Yelahanka,Majestic,null,null,null,Customer related issue,null,null,425,null,0,null,null
7/4/2024 3:31,3:31:00,CNR5744401218,Success,CID507511,Bike,Yelahanka,Varthur,91,25,null,null,No,null,220,UPI,2,3.4,3.1
7/16/2024 10:15,10:15:00,CNR7221640450,Success,CID195611,Prime Sedan,RT Nagar,Whitefield,301,145,null,null,No,null,472,UPI,16,3.3,4.5
7/20/2024 22:27,22:27:00,CNR8395803905,Canceled by Driver,CID925776,eBike,Bannerghatta Road,RT Nagar,null,null,null,Customer related issue,null,null,616,null,0,null,null
7/15/2024 9:20,9:20:00,CNR3750351374,Success,CID524066,Prime SUV,Mysore Road,Peenya,42,130,null,null,No,null,473,Cash,49,4,4.2
7/4/2024 18:13,18:13:00,CNR2869164142,Success,CID884352,Prime SUV,BTM Layout,Malleshwaram,126,115,null,null,No,null,259,Cash,11,4.8,4.5
7/27/2024 11:58,11:58:00,CNR8303547069,Success,CID471469,Mini,Langford Town,Richmond Town,77,35,null,null,No,null,310,Credit Card,2,3.3,3.1
7/9/2024 21:32,21:32:00,CNR7368110421,Canceled by Driver,CID372218,Mini,Peenya,Sarjapur Road,null,null,null,Personal & Car related issue,null,null,200,null,0,null,null
7/30/2024 10:14,10:14:00,CNR7500310853,Success,CID377809,Prime Sedan,Jayanagar,Richmond Town,189,85,null,null,No,null,471,UPI,39,3.5,3.7
7/13/2024 21:23,21:23:00,CNR8925319975,Success,CID388701,Prime Sedan,Yelahanka,Rajajinagar,287,125,null,null,No,null,442,UPI,37,4.1,4.5
7/29/2024 19:56,19:56:00,CNR9261561390,Success,CID853883,Auto,Koramangala,Majestic,175,65,null,null,No,null,228,Cash,10,3.7,4.3
7/24/2024 9:25,9:25:00,CNR3165383119,Canceled by Driver,CID765484,Prime SUV,Devanahalli,KR Puram,null,null,null,Customer was coughing/sick,null,null,232,null,0,null,null
7/29/2024 23:15,23:15:00,CNR7006798592,Driver Not Found,CID786658,Prime Sedan,Ulsoor,RT Nagar,null,null,null,null,null,null,344,null,0,null,null
7/8/2024 7:52,7:52:00,CNR5613886410,Success,CID107686,Auto,Marathahalli,KR Puram,266,65,null,null,No,null,2604,UPI,10,3.8,4.1
7/16/2024 4:52,4:52:00,CNR5841521780,Success,CID768996,Prime SUV,Ramamurthy Nagar,Varthur,210,120,null,null,No,null,274,Cash,37,3.1,3.6
7/9/2024 13:07,13:07:00,CNR1281921513,Canceled by Customer,CID163474,Mini,Malleshwaram,Magadi Road,null,null,Driver is not moving towards pickup location,null,null,null,895,null,0,null,null
7/26/2024 16:05,16:05:00,CNR2959980296,Success,CID509309,Bike,Hosur Road,Richmond Town,91,60,null,null,No,null,279,Cash,34,4.5,3.2
7/26/2024 23:32,23:32:00,CNR6765124275,Success,CID630281,Prime Sedan,Chamarajpet,Banashankari,294,45,null,null,No,null,1946,Cash,16,3,3.5
7/5/2024 4:23,4:23:00,CNR9762994658,Success,CID443169,Prime Plus,RT Nagar,Sahakar Nagar,231,65,null,null,No,null,1024,UPI,4,4.8,4.1
7/23/2024 10:25,10:25:00,CNR8072285783,Canceled by Customer,CID652081,Prime Plus,Frazer Town,Sarjapur Road,null,null,Driver asked to cancel,null,null,null,294,null,0,null,null
7/23/2024 19:44,19:44:00,CNR8116331340,Success,CID777382,Auto,RT Nagar,Sarjapur Road,266,55,null,null,No,null,252,UPI,8,4,4.8
7/28/2024 10:29,10:29:00,CNR3491700602,Success,CID247449,Mini,Richmond Town,Langford Town,84,145,null,null,No,null,2542,UPI,2,3.5,4.1
7/19/2024 15:04,15:04:00,CNR2166456022,Success,CID930312,Mini,Yeshwanthpur,Indiranagar,266,75,null,null,No,null,1821,Cash,34,4.4,4.7
7/12/2024 8:33,8:33:00,CNR2177201692,Success,CID614111,Mini,Richmond Town,Yeshwanthpur,105,145,null,null,No,null,200,Cash,31,4.9,4
7/16/2024 10:22,10:22:00,CNR5755482161,Canceled by Driver,CID126097,Prime SUV,Koramangala,Indiranagar,null,null,null,Customer was coughing/sick,null,null,152,null,0,null,null
7/25/2024 11:15,11:15:00,CNR4484571820,Success,CID645793,Auto,HSR Layout,Hosur Road,133,145,null,null,No,null,2388,Cash,4,4.4,3.6
7/28/2024 6:34,6:34:00,CNR7377461832,Success,CID719814,eBike,Ulsoor,Padmanabhanagar,77,100,null,null,No,null,783,Cash,37,3.5,3.5
7/3/2024 20:56,20:56:00,CNR2363111317,Driver Not Found,CID665310,Prime Plus,Electronic City,KR Puram,null,null,null,null,null,null,208,null,0,null,null
7/17/2024 7:28,7:28:00,CNR2976802436,Success,CID592039,Prime SUV,Tumkur Road,Cox Town,168,50,null,null,No,null,1181,UPI,10,3.4,4.9
7/1/2024 3:29,3:29:00,CNR8474873609,Canceled by Customer,CID968838,Prime Plus,HSR Layout,KR Puram,null,null,Change of plans,null,null,null,843,null,0,null,null
7/20/2024 13:53,13:53:00,CNR1945536909,Success,CID796614,Auto,Sahakar Nagar,JP Nagar,224,80,null,null,No,null,441,Cash,7,3,3.1
7/10/2024 2:02,2:02:00,CNR8097291227,Success,CID734844,Prime Plus,Mysore Road,Rajajinagar,238,25,null,null,No,null,332,UPI,38,3.8,3.4
7/12/2024 16:22,16:22:00,CNR1433815646,Success,CID307267,Prime SUV,Banashankari,Marathahalli,42,65,null,null,No,null,832,Cash,11,3.4,4.1
7/15/2024 6:58,6:58:00,CNR5876056264,Success,CID568720,Prime SUV,Kadugodi,Shantinagar,231,30,null,null,No,null,1361,UPI,47,4,3.9
7/4/2024 21:47,21:47:00,CNR2943788515,Canceled by Driver,CID627311,Bike,Shantinagar,Ramamurthy Nagar,null,null,null,More than permitted people in there,null,null,415,null,0,null,null
7/28/2024 7:06,7:06:00,CNR5599931622,Success,CID822709,Prime SUV,Peenya,Frazer Town,42,55,null,null,No,null,747,Cash,28,3.8,3
7/2/2024 1:54,1:54:00,CNR6776927575,Success,CID817693,Bike,Hosur Road,Nagarbhavi,245,55,null,null,No,null,129,Cash,5,4.4,4.2
7/10/2024 18:38,18:38:00,CNR4880622143,Success,CID602848,eBike,Rajajinagar,Kammanahalli,98,100,null,null,No,null,296,UPI,34,3.3,4.2
7/27/2024 3:13,3:13:00,CNR2841702950,Success,CID268274,Auto,Sarjapur Road,Sarjapur Road,231,105,null,null,No,null,337,UPI,18,4.5,4.2
7/9/2024 14:52,14:52:00,CNR2747846957,Success,CID700413,Prime Sedan,Majestic,Malleshwaram,308,140,null,null,No,null,896,UPI,45,4,4.1
7/5/2024 9:33,9:33:00,CNR4795488474,Success,CID943263,Prime Sedan,Peenya,Frazer Town,189,60,null,null,No,null,151,Credit Card,11,4,4.8
7/6/2024 10:00,10:00:00,CNR6662649739,Success,CID295666,Auto,Ramamurthy Nagar,Banashankari,189,35,null,null,No,null,940,Debit Card,7,3.2,3.5
7/10/2024 9:28,9:28:00,CNR2524442918,Success,CID471692,Prime Plus,Hulimavu,RT Nagar,98,140,null,null,No,null,729,Credit Card,13,4.5,5
7/1/2024 10:12,10:12:00,CNR4977956798,Success,CID782900,Auto,Banashankari,Sarjapur Road,189,45,null,null,No,null,128,Cash,1,4.6,4.8
7/26/2024 15:07,15:07:00,CNR2002215420,Success,CID109502,Prime SUV,Whitefield,BTM Layout,77,75,null,null,No,null,274,Cash,42,4,3.4
7/13/2024 4:23,4:23:00,CNR9590311980,Success,CID957268,Auto,Bannerghatta Road,Tumkur Road,105,25,null,null,Yes,Customer Demand,352,Cash,8,5,3.8
7/30/2024 5:14,5:14:00,CNR3124565731,Success,CID578023,Auto,Basavanagudi,Chickpet,189,55,null,null,No,null,238,UPI,6,4.5,3
7/20/2024 11:34,11:34:00,CNR6090870401,Success,CID301446,Prime SUV,Ramamurthy Nagar,KR Puram,280,30,null,null,No,null,477,Cash,19,4.1,4.3
7/23/2024 15:38,15:38:00,CNR9405757355,Success,CID176162,Auto,Richmond Town,Banashankari,196,145,null,null,No,null,186,UPI,15,4.7,4.6
7/1/2024 11:55,11:55:00,CNR7078608984,Driver Not Found,CID926832,eBike,Shantinagar,Hebbal,null,null,null,null,null,null,117,null,0,null,null
7/10/2024 18:52,18:52:00,CNR4166475803,Success,CID615978,Prime SUV,Banashankari,Yelahanka,168,90,null,null,No,null,193,UPI,13,3.8,3.2
7/6/2024 12:51,12:51:00,CNR3641224150,Success,CID431557,Mini,Majestic,Magadi Road,98,60,null,null,No,null,395,UPI,41,4.3,4.8
7/14/2024 16:42,16:42:00,CNR7307808711,Success,CID928859,Prime SUV,MG Road,BTM Layout,147,75,null,null,No,null,857,Cash,45,4.7,4
7/16/2024 22:49,22:49:00,CNR9207534980,Canceled by Driver,CID926602,Prime Plus,Whitefield,Kammanahalli,null,null,null,Customer related issue,null,null,819,null,0,null,null
7/13/2024 10:16,10:16:00,CNR8478607960,Success,CID374876,Prime Sedan,Shivajinagar,BTM Layout,35,45,null,null,No,null,484,UPI,16,4.1,4.5
7/4/2024 8:50,8:50:00,CNR6867991693,Success,CID139968,Prime Plus,Bellandur,Indiranagar,84,70,null,null,No,null,648,Cash,3,4.9,4.8
7/4/2024 11:55,11:55:00,CNR4134417165,Success,CID298474,Bike,Ulsoor,Whitefield,196,130,null,null,No,null,153,Cash,20,4.1,3.9
7/21/2024 1:50,1:50:00,CNR6026842144,Success,CID533256,Prime SUV,Bannerghatta Road,Padmanabhanagar,70,140,null,null,No,null,232,Credit Card,28,4.3,4.7
7/5/2024 8:41,8:41:00,CNR1373400641,Canceled by Driver,CID137733,Mini,Shivajinagar,Kadugodi,null,null,null,More than permitted people in there,null,null,478,null,0,null,null
7/1/2024 5:01,5:01:00,CNR7756361076,Canceled by Driver,CID843494,Auto,Koramangala,Hebbal,null,null,null,Customer was coughing/sick,null,null,850,null,0,null,null
7/6/2024 0:38,0:38:00,CNR1058833099,Success,CID705304,Bike,Frazer Town,Jayanagar,294,75,null,null,No,null,673,Cash,25,4.1,3.6
7/22/2024 12:46,12:46:00,CNR8150133799,Driver Not Found,CID406881,eBike,Chickpet,HSR Layout,null,null,null,null,null,null,315,null,0,null,null
7/20/2024 0:11,0:11:00,CNR3136784868,Success,CID703583,Prime SUV,Shivajinagar,Indiranagar,63,125,null,null,No,null,1033,Cash,2,4.1,3.6
7/17/2024 3:54,3:54:00,CNR2919641369,Canceled by Customer,CID137586,Prime SUV,Tumkur Road,Langford Town,null,null,Driver is not moving towards pickup location,null,null,null,825,null,0,null,null
7/23/2024 23:49,23:49:00,CNR4311649934,Canceled by Customer,CID379072,Prime SUV,Sahakar Nagar,Hosur Road,null,null,Wrong Address,null,null,null,213,null,0,null,null
7/28/2024 13:53,13:53:00,CNR8258871692,Driver Not Found,CID804974,Auto,Peenya,Cox Town,null,null,null,null,null,null,125,null,0,null,null
7/29/2024 0:08,0:08:00,CNR7844432925,Success,CID635965,Prime SUV,Electronic City,KR Puram,280,80,null,null,No,null,362,Cash,36,4.1,4.6
7/3/2024 16:49,16:49:00,CNR3149119791,Success,CID606573,Mini,Hebbal,Ulsoor,224,50,null,null,No,null,471,Credit Card,22,3.5,3.3
7/1/2024 22:15,22:15:00,CNR6545513695,Success,CID932866,Prime SUV,Kengeri,Devanahalli,252,125,null,null,No,null,163,UPI,23,4.3,4.3
7/13/2024 3:12,3:12:00,CNR6427297269,Success,CID418039,Mini,Shivajinagar,KR Puram,56,140,null,null,No,null,142,Cash,6,3.8,3.6
7/25/2024 3:49,3:49:00,CNR1684336791,Canceled by Customer,CID339379,Prime Plus,HSR Layout,Kengeri,null,null,AC is Not working,null,null,null,451,null,0,null,null
7/5/2024 9:23,9:23:00,CNR8107628541,Canceled by Customer,CID131079,Prime SUV,Peenya,Kadugodi,null,null,Driver is not moving towards pickup location,null,null,null,358,null,0,null,null
7/3/2024 18:16,18:16:00,CNR8516392891,Success,CID214348,Prime Sedan,Shivajinagar,Kadugodi,308,60,null,null,No,null,365,Cash,36,4.9,4
7/12/2024 12:38,12:38:00,CNR5043217856,Canceled by Driver,CID298396,Auto,Sarjapur Road,Chamarajpet,null,null,null,Personal & Car related issue,null,null,752,null,0,null,null
7/18/2024 17:39,17:39:00,CNR7829903493,Canceled by Driver,CID459892,eBike,Indiranagar,Kammanahalli,null,null,null,Customer was coughing/sick,null,null,531,null,0,null,null
7/17/2024 22:51,22:51:00,CNR4290294193,Canceled by Driver,CID451045,Auto,Richmond Town,Sahakar Nagar,null,null,null,Customer was coughing/sick,null,null,111,null,0,null,null
7/30/2024 17:37,17:37:00,CNR4330381266,Success,CID215319,Auto,Banashankari,Rajarajeshwari Nagar,168,135,null,null,No,null,216,UPI,5,4.4,4.3
7/11/2024 10:25,10:25:00,CNR6146948780,Success,CID988392,eBike,Bannerghatta Road,Kammanahalli,196,125,null,null,No,null,147,UPI,39,3.3,3.2
7/23/2024 6:51,6:51:00,CNR4211386643,Canceled by Driver,CID351096,eBike,RT Nagar,HSR Layout,null,null,null,Customer related issue,null,null,433,null,0,null,null
7/21/2024 16:24,16:24:00,CNR5828080027,Success,CID562246,Prime Plus,Sarjapur Road,Banashankari,287,125,null,null,No,null,664,UPI,24,3.6,4.4
7/24/2024 0:10,0:10:00,CNR5043719137,Success,CID638458,Mini,Banashankari,Kammanahalli,98,50,null,null,No,null,159,UPI,40,4,4.7
7/28/2024 16:31,16:31:00,CNR2332223815,Success,CID557188,Mini,Whitefield,Ramamurthy Nagar,70,85,null,null,No,null,556,UPI,27,5,3.2
7/24/2024 2:27,2:27:00,CNR5863244684,Success,CID798517,eBike,Hebbal,HSR Layout,252,110,null,null,Yes,Customer Demand,184,Cash,2,4.3,4.4
7/19/2024 22:54,22:54:00,CNR2051641681,Success,CID776786,Auto,Ulsoor,Kadugodi,294,65,null,null,No,null,295,Cash,6,3.5,3.2
7/4/2024 0:38,0:38:00,CNR6963252366,Success,CID565564,Bike,Yeshwanthpur,Kadugodi,168,145,null,null,No,null,794,Cash,25,4.8,4
7/2/2024 22:59,22:59:00,CNR6561084640,Success,CID983895,Bike,Kengeri,Magadi Road,301,110,null,null,No,null,330,Cash,27,4,4.1
7/3/2024 18:29,18:29:00,CNR8606343558,Success,CID193075,Bike,Kadugodi,Yeshwanthpur,63,95,null,null,No,null,187,UPI,34,4.9,3.8
7/24/2024 10:52,10:52:00,CNR6129451090,Success,CID579290,Prime Sedan,Shantinagar,Bannerghatta Road,84,145,null,null,No,null,487,Cash,9,3.6,3.8
7/19/2024 23:19,23:19:00,CNR8991153488,Canceled by Driver,CID563608,eBike,Vijayanagar,Kadugodi,null,null,null,Personal & Car related issue,null,null,426,null,0,null,null
7/14/2024 8:16,8:16:00,CNR3555127202,Success,CID334563,Auto,Koramangala,Varthur,105,40,null,null,No,null,229,Cash,15,4.6,5
7/30/2024 18:06,18:06:00,CNR2478670622,Success,CID381271,Prime Plus,Hennur,Hosur Road,154,130,null,null,No,null,445,UPI,48,4.9,4.6
7/29/2024 12:13,12:13:00,CNR2637746164,Success,CID131513,Auto,Hebbal,Majestic,182,70,null,null,No,null,134,Cash,8,3.3,4
7/16/2024 10:32,10:32:00,CNR1098685369,Success,CID366678,Auto,Basavanagudi,Nagarbhavi,154,145,null,null,No,null,119,Cash,9,4.2,4
7/2/2024 18:20,18:20:00,CNR3013333422,Driver Not Found,CID377403,eBike,Kadugodi,Hennur,null,null,null,null,null,null,214,null,0,null,null
7/30/2024 9:17,9:17:00,CNR6731320458,Success,CID470881,Prime Sedan,Hosur Road,Koramangala,77,25,null,null,No,null,113,Cash,14,4.9,3.6
7/28/2024 10:17,10:17:00,CNR1523677800,Canceled by Driver,CID967088,Prime SUV,Ramamurthy Nagar,Kammanahalli,null,null,null,Personal & Car related issue,null,null,362,null,0,null,null
7/9/2024 20:36,20:36:00,CNR5683291566,Success,CID221217,Prime SUV,Sahakar Nagar,Indiranagar,119,25,null,null,No,null,545,UPI,6,3.3,4.9
7/11/2024 10:28,10:28:00,CNR9411398805,Success,CID416695,Prime Plus,Padmanabhanagar,RT Nagar,287,95,null,null,No,null,498,Cash,11,3.2,4.3
7/15/2024 22:51,22:51:00,CNR7845975089,Driver Not Found,CID221620,Bike,RT Nagar,Ulsoor,null,null,null,null,null,null,117,null,0,null,null
7/3/2024 22:59,22:59:00,CNR3855977560,Canceled by Driver,CID634914,Prime Sedan,Hulimavu,Richmond Town,null,null,null,More than permitted people in there,null,null,230,null,0,null,null
7/25/2024 1:44,1:44:00,CNR6774178719,Success,CID902361,eBike,KR Puram,Marathahalli,105,35,null,null,No,null,304,Cash,28,3.6,3
7/27/2024 13:10,13:10:00,CNR4046969463,Canceled by Driver,CID788327,Prime Plus,Koramangala,Devanahalli,null,null,null,Personal & Car related issue,null,null,318,null,0,null,null
7/1/2024 21:22,21:22:00,CNR4475747544,Success,CID337010,Prime Sedan,Chickpet,Langford Town,259,95,null,null,No,null,130,Cash,18,3.1,4.9
7/7/2024 16:37,16:37:00,CNR5165798104,Success,CID831932,Bike,Bannerghatta Road,Koramangala,189,75,null,null,No,null,419,Cash,12,4.7,4.2
7/5/2024 15:15,15:15:00,CNR4392965412,Canceled by Driver,CID966732,Prime SUV,Kammanahalli,Richmond Town,null,null,null,Customer related issue,null,null,399,null,0,null,null
7/22/2024 19:30,19:30:00,CNR1167401662,Driver Not Found,CID981323,Mini,JP Nagar,Hulimavu,null,null,null,null,null,null,2900,null,0,null,null
7/27/2024 11:39,11:39:00,CNR2822610940,Success,CID301559,Bike,Mysore Road,Yelahanka,168,70,null,null,No,null,121,Cash,31,4.2,3.1
7/14/2024 1:07,1:07:00,CNR6691577601,Success,CID983207,Prime Sedan,MG Road,RT Nagar,189,90,null,null,No,null,107,UPI,27,3.5,3.3
7/17/2024 21:09,21:09:00,CNR9445908039,Canceled by Customer,CID921864,Mini,Hosur Road,Banashankari,null,null,Driver is not moving towards pickup location,null,null,null,424,null,0,null,null
7/21/2024 20:34,20:34:00,CNR3423157511,Canceled by Driver,CID704228,Bike,Electronic City,Nagarbhavi,null,null,null,Customer was coughing/sick,null,null,307,null,0,null,null
7/19/2024 17:32,17:32:00,CNR1324239592,Success,CID647625,eBike,KR Puram,Kammanahalli,119,70,null,null,No,null,583,Cash,40,4.5,4.2
7/5/2024 1:18,1:18:00,CNR8086928686,Canceled by Driver,CID506037,Mini,Nagarbhavi,MG Road,null,null,null,Personal & Car related issue,null,null,325,null,0,null,null
7/22/2024 5:44,5:44:00,CNR3412387949,Success,CID786300,Prime Sedan,Majestic,Hulimavu,154,140,null,null,No,null,216,UPI,33,4.4,4.5
7/7/2024 6:55,6:55:00,CNR9728294566,Canceled by Driver,CID444964,Mini,Indiranagar,Whitefield,null,null,null,Customer related issue,null,null,337,null,0,null,null
7/17/2024 21:06,21:06:00,CNR3797886537,Success,CID692922,Prime SUV,KR Puram,Yeshwanthpur,196,120,null,null,No,null,373,Cash,26,4.6,4.1
7/16/2024 3:12,3:12:00,CNR2918335042,Canceled by Customer,CID267651,Bike,Magadi Road,Vijayanagar,null,null,Change of plans,null,null,null,121,null,0,null,null
7/23/2024 8:56,8:56:00,CNR7683288053,Success,CID472301,Prime Plus,Vijayanagar,KR Puram,140,135,null,null,No,null,584,UPI,18,3.1,3.3
7/30/2024 4:29,4:29:00,CNR7308621555,Canceled by Customer,CID255257,Mini,Sahakar Nagar,Whitefield,null,null,AC is Not working,null,null,null,372,null,0,null,null
7/1/2024 23:33,23:33:00,CNR6893200456,Canceled by Driver,CID590573,Prime SUV,Whitefield,Rajarajeshwari Nagar,null,null,null,Personal & Car related issue,null,null,482,null,0,null,null
7/28/2024 1:48,1:48:00,CNR8506315424,Canceled by Customer,CID384102,Mini,Hosur Road,Peenya,null,null,Wrong Address,null,null,null,169,null,0,null,null
7/7/2024 5:42,5:42:00,CNR6289456005,Driver Not Found,CID341767,Bike,Malleshwaram,Malleshwaram,null,null,null,null,null,null,655,null,0,null,null
7/26/2024 10:10,10:10:00,CNR3652386033,Success,CID718764,Bike,Jayanagar,MG Road,119,30,null,null,No,null,398,UPI,4,3.3,3.3
7/24/2024 11:32,11:32:00,CNR7500140086,Success,CID711398,Prime SUV,Langford Town,Tumkur Road,154,90,null,null,No,null,198,Cash,2,3.3,3.6
7/15/2024 9:55,9:55:00,CNR9206491878,Driver Not Found,CID219381,Prime Sedan,Rajajinagar,Padmanabhanagar,null,null,null,null,null,null,482,null,0,null,null
7/29/2024 3:17,3:17:00,CNR1508971604,Success,CID902685,Prime Sedan,Hebbal,BTM Layout,238,140,null,null,No,null,305,UPI,23,3.8,4.4
7/3/2024 15:14,15:14:00,CNR4004898445,Canceled by Driver,CID501660,Mini,Peenya,Padmanabhanagar,null,null,null,More than permitted people in there,null,null,294,null,0,null,null
7/6/2024 7:14,7:14:00,CNR8826275068,Success,CID257693,Prime Sedan,Richmond Town,Tumkur Road,252,65,null,null,No,null,161,Cash,5,4.1,4
7/2/2024 13:18,13:18:00,CNR9942066704,Canceled by Driver,CID908062,Prime Sedan,Yelahanka,Sarjapur Road,null,null,null,Customer related issue,null,null,404,null,0,null,null
7/1/2024 10:09,10:09:00,CNR2361275900,Success,CID429569,Auto,Magadi Road,Peenya,126,60,null,null,No,null,169,Cash,12,4.7,3.8
7/3/2024 9:20,9:20:00,CNR4419040819,Success,CID644474,Bike,Kengeri,Devanahalli,56,45,null,null,No,null,501,UPI,49,4.5,3.1
7/7/2024 16:41,16:41:00,CNR1911058132,Success,CID309575,Mini,Mysore Road,Hosur Road,301,125,null,null,No,null,101,Cash,1,3.6,3.7
7/20/2024 3:47,3:47:00,CNR8926984331,Success,CID860681,Auto,Kengeri,Shantinagar,175,120,null,null,No,null,192,Cash,15,4.6,4.5
7/18/2024 12:57,12:57:00,CNR2191224963,Canceled by Driver,CID702491,Mini,Koramangala,Varthur,null,null,null,More than permitted people in there,null,null,393,null,0,null,null
7/4/2024 21:10,21:10:00,CNR6024993831,Canceled by Customer,CID689882,eBike,Cox Town,Kadugodi,null,null,AC is Not working,null,null,null,414,null,0,null,null
7/3/2024 4:20,4:20:00,CNR3704418934,Canceled by Customer,CID679996,Bike,Yeshwanthpur,Malleshwaram,null,null,Change of plans,null,null,null,1816,null,0,null,null
7/5/2024 6:38,6:38:00,CNR6259704301,Success,CID228411,Prime Sedan,Jayanagar,HSR Layout,161,75,null,null,No,null,366,Cash,28,3.8,3.2
7/11/2024 0:22,0:22:00,CNR4588889454,Driver Not Found,CID955141,Prime SUV,Rajarajeshwari Nagar,Cox Town,null,null,null,null,null,null,417,null,0,null,null
7/6/2024 8:41,8:41:00,CNR9102117353,Success,CID226904,Prime Plus,Cox Town,Magadi Road,231,135,null,null,No,null,2884,UPI,48,3.8,4.9
7/25/2024 7:33,7:33:00,CNR9855871509,Canceled by Driver,CID750118,Prime Sedan,RT Nagar,Mysore Road,null,null,null,Personal & Car related issue,null,null,371,null,0,null,null
7/30/2024 19:29,19:29:00,CNR6491202733,Success,CID188757,Mini,Magadi Road,Cox Town,56,45,null,null,No,null,175,UPI,2,3.4,3.3
7/11/2024 12:39,12:39:00,CNR1767970743,Success,CID989298,Bike,Peenya,Rajarajeshwari Nagar,70,85,null,null,No,null,494,UPI,28,3.1,3.8
7/30/2024 12:04,12:04:00,CNR6136026561,Success,CID233895,eBike,HSR Layout,Bellandur,49,100,null,null,No,null,441,UPI,27,3.1,3.1
7/23/2024 15:34,15:34:00,CNR7642653871,Success,CID877855,Prime Sedan,Banashankari,Sarjapur Road,252,80,null,null,No,null,471,Cash,23,4.4,4.6
7/5/2024 21:57,21:57:00,CNR8369636566,Success,CID718559,Prime Plus,Indiranagar,Yelahanka,210,85,null,null,No,null,389,Cash,14,3.2,4.6
7/16/2024 9:26,9:26:00,CNR8073437118,Canceled by Driver,CID580478,eBike,Hennur,Langford Town,null,null,null,Customer related issue,null,null,202,null,0,null,null
7/8/2024 22:13,22:13:00,CNR5116585243,Canceled by Driver,CID847377,Auto,Tumkur Road,Ulsoor,null,null,null,Customer was coughing/sick,null,null,253,null,0,null,null
7/9/2024 18:33,18:33:00,CNR9699923253,Success,CID398168,Prime SUV,Indiranagar,Basavanagudi,217,105,null,null,No,null,882,Cash,43,3.2,4.1
7/16/2024 8:35,8:35:00,CNR1201589640,Canceled by Customer,CID539191,Prime Sedan,Banashankari,Cox Town,null,null,Driver asked to cancel,null,null,null,176,null,0,null,null
7/8/2024 19:31,19:31:00,CNR1689403754,Success,CID515450,Mini,Devanahalli,Hosur Road,259,120,null,null,No,null,417,UPI,24,4.2,3.8
7/6/2024 23:56,23:56:00,CNR1501229480,Success,CID323779,Mini,Banashankari,Richmond Town,273,55,null,null,No,null,130,Credit Card,41,3.5,4.5
7/14/2024 6:47,6:47:00,CNR8602417067,Success,CID771701,Prime SUV,Cox Town,Basavanagudi,168,40,null,null,No,null,235,UPI,17,3.7,3.7
7/1/2024 9:16,9:16:00,CNR5180944150,Success,CID200875,Prime Sedan,Magadi Road,Bannerghatta Road,231,60,null,null,No,null,325,Credit Card,21,4.7,5
7/5/2024 7:57,7:57:00,CNR5569548787,Success,CID141634,Prime Plus,Banashankari,Shivajinagar,252,40,null,null,No,null,290,UPI,22,4.8,4.4
7/4/2024 23:51,23:51:00,CNR2826030097,Success,CID786912,Bike,Koramangala,Mysore Road,63,25,null,null,No,null,131,Cash,20,4.4,3.1
7/23/2024 18:37,18:37:00,CNR4887495881,Canceled by Customer,CID916150,Prime SUV,Chamarajpet,Ramamurthy Nagar,null,null,AC is Not working,null,null,null,148,null,0,null,null
7/25/2024 2:41,2:41:00,CNR4946474476,Canceled by Customer,CID605609,Bike,Chamarajpet,BTM Layout,null,null,AC is Not working,null,null,null,463,null,0,null,null
7/24/2024 5:57,5:57:00,CNR5414099759,Success,CID387411,Prime Sedan,Rajajinagar,Ramamurthy Nagar,161,140,null,null,No,null,339,UPI,17,3.1,3.4
7/8/2024 20:17,20:17:00,CNR2568139914,Driver Not Found,CID878056,Prime SUV,Whitefield,RT Nagar,null,null,null,null,null,null,314,null,0,null,null
7/22/2024 3:32,3:32:00,CNR8892975500,Success,CID485817,Bike,Rajarajeshwari Nagar,Sahakar Nagar,91,145,null,null,No,null,512,Cash,48,3.1,4.2
7/19/2024 14:31,14:31:00,CNR7552726236,Driver Not Found,CID398384,Prime Plus,Magadi Road,Chickpet,null,null,null,null,null,null,443,null,0,null,null
7/3/2024 21:45,21:45:00,CNR1200026621,Success,CID233911,Prime SUV,Chickpet,Tumkur Road,266,85,null,null,No,null,1467,UPI,32,4.7,3.5
7/4/2024 2:26,2:26:00,CNR4187447284,Driver Not Found,CID657255,Prime SUV,Ramamurthy Nagar,RT Nagar,null,null,null,null,null,null,353,null,0,null,null
7/1/2024 7:28,7:28:00,CNR3659491874,Success,CID573670,Auto,KR Puram,Bannerghatta Road,154,110,null,null,No,null,444,UPI,1,3.8,4.1
7/17/2024 7:05,7:05:00,CNR3623533429,Success,CID447644,Prime Plus,Basavanagudi,Yeshwanthpur,210,55,null,null,No,null,476,UPI,23,3.1,4.9
7/13/2024 20:08,20:08:00,CNR3824632577,Canceled by Driver,CID713810,Bike,Sahakar Nagar,Koramangala,null,null,null,Personal & Car related issue,null,null,142,null,0,null,null
7/24/2024 6:37,6:37:00,CNR2817233926,Success,CID620466,eBike,Kengeri,Koramangala,154,145,null,null,No,null,471,UPI,26,4.9,3.8
7/13/2024 11:05,11:05:00,CNR2091398962,Success,CID935203,eBike,Bannerghatta Road,Indiranagar,252,40,null,null,No,null,382,Cash,21,3.6,4.2
7/1/2024 0:31,0:31:00,CNR5220085842,Canceled by Driver,CID775449,Prime Sedan,Rajajinagar,Bellandur,null,null,null,Personal & Car related issue,null,null,401,null,0,null,null
7/28/2024 10:43,10:43:00,CNR9795770576,Success,CID518512,Auto,Yelahanka,Basavanagudi,161,30,null,null,No,null,148,Cash,18,3.1,4.1
7/15/2024 19:16,19:16:00,CNR4627809411,Success,CID463284,Auto,Shivajinagar,Electronic City,119,100,null,null,No,null,204,UPI,11,4.8,3.4
7/17/2024 11:21,11:21:00,CNR4003939102,Success,CID193230,Mini,Varthur,Tumkur Road,168,110,null,null,No,null,666,Cash,9,4.5,3
7/30/2024 5:53,5:53:00,CNR1308261538,Success,CID605780,eBike,Richmond Town,Rajarajeshwari Nagar,126,60,null,null,No,null,425,UPI,5,4.8,4.4
7/17/2024 8:58,8:58:00,CNR1556710084,Success,CID201508,Prime Sedan,RT Nagar,JP Nagar,154,105,null,null,No,null,172,Cash,41,3.1,4.2
7/27/2024 9:22,9:22:00,CNR4639016703,Success,CID649293,Prime Plus,Langford Town,Nagarbhavi,98,50,null,null,No,null,398,Cash,35,4.9,3.5
7/7/2024 21:53,21:53:00,CNR3136156514,Canceled by Customer,CID270149,Prime Plus,Indiranagar,Sarjapur Road,null,null,Wrong Address,null,null,null,741,null,0,null,null
7/24/2024 9:47,9:47:00,CNR6635680436,Driver Not Found,CID740522,Prime Plus,Devanahalli,Jayanagar,null,null,null,null,null,null,446,null,0,null,null
7/16/2024 1:47,1:47:00,CNR6522259243,Canceled by Driver,CID499536,Prime Sedan,Tumkur Road,Chamarajpet,null,null,null,More than permitted people in there,null,null,315,null,0,null,null
7/20/2024 2:52,2:52:00,CNR9257492650,Success,CID288060,Bike,MG Road,Shantinagar,112,125,null,null,No,null,470,Cash,38,3.6,4.2
7/20/2024 4:03,4:03:00,CNR9054081319,Success,CID723227,Auto,JP Nagar,Bannerghatta Road,161,40,null,null,No,null,106,UPI,7,3.4,4.9
7/4/2024 3:47,3:47:00,CNR3186546295,Success,CID529533,Prime Plus,Koramangala,Bannerghatta Road,119,135,null,null,No,null,1468,Cash,31,4.7,4.2
7/11/2024 15:19,15:19:00,CNR5237090288,Canceled by Driver,CID422022,Prime SUV,Kadugodi,Jayanagar,null,null,null,Personal & Car related issue,null,null,408,null,0,null,null
7/4/2024 1:18,1:18:00,CNR9526078867,Success,CID900085,eBike,HSR Layout,Hulimavu,294,95,null,null,Yes,Customer Demand,1805,UPI,4,3.7,4
7/3/2024 13:51,13:51:00,CNR2055496400,Canceled by Customer,CID734557,Auto,Mysore Road,Sahakar Nagar,null,null,Driver asked to cancel,null,null,null,2925,null,0,null,null
7/22/2024 0:45,0:45:00,CNR1352748737,Driver Not Found,CID392228,Prime Sedan,Hebbal,Frazer Town,null,null,null,null,null,null,1048,null,0,null,null
7/29/2024 18:24,18:24:00,CNR8505998754,Success,CID393226,Mini,Marathahalli,Shivajinagar,112,130,null,null,No,null,360,UPI,1,4.4,4.7
7/8/2024 14:26,14:26:00,CNR3848737052,Canceled by Customer,CID999015,Mini,Varthur,Kengeri,null,null,Driver is not moving towards pickup location,null,null,null,341,null,0,null,null
7/27/2024 8:42,8:42:00,CNR3022399674,Success,CID791723,eBike,Sarjapur Road,Peenya,287,55,null,null,No,null,310,Cash,2,3.1,4.9
7/15/2024 22:10,22:10:00,CNR4201304521,Success,CID207572,eBike,Kammanahalli,Frazer Town,63,105,null,null,No,null,1289,Cash,3,4.4,3.3
7/8/2024 18:55,18:55:00,CNR9511092010,Success,CID643112,Mini,Majestic,KR Puram,287,80,null,null,No,null,1540,UPI,12,3.4,4.6
7/24/2024 16:00,16:00:00,CNR8110334234,Success,CID107282,Prime Plus,MG Road,Hennur,294,50,null,null,No,null,745,Cash,3,3.8,4.7
7/19/2024 8:32,8:32:00,CNR1820951934,Canceled by Customer,CID228355,Prime SUV,Kammanahalli,Hosur Road,null,null,Driver asked to cancel,null,null,null,459,null,0,null,null
7/11/2024 2:28,2:28:00,CNR3295449162,Success,CID182011,Prime SUV,Indiranagar,JP Nagar,126,45,null,null,No,null,313,Cash,38,3.4,3.3
7/4/2024 1:18,1:18:00,CNR8642502474,Canceled by Driver,CID252880,Prime Sedan,Hebbal,Koramangala,null,null,null,Customer was coughing/sick,null,null,130,null,0,null,null
7/4/2024 13:30,13:30:00,CNR9405769135,Success,CID841846,eBike,Peenya,Padmanabhanagar,168,115,null,null,No,null,517,Cash,14,3.6,4.7
7/27/2024 22:55,22:55:00,CNR2179333461,Success,CID159326,Bike,Nagarbhavi,Vijayanagar,147,90,null,null,No,null,332,UPI,31,4.4,4.3
7/1/2024 17:11,17:11:00,CNR7446430391,Success,CID220370,eBike,Mysore Road,Marathahalli,224,45,null,null,No,null,496,Cash,40,4.4,3.1
7/28/2024 23:40,23:40:00,CNR2050487810,Canceled by Driver,CID376747,Prime SUV,Kengeri,Mysore Road,null,null,null,Customer related issue,null,null,145,null,0,null,null
7/7/2024 11:54,11:54:00,CNR9970948492,Success,CID758267,Prime Sedan,Kammanahalli,Sahakar Nagar,112,100,null,null,No,null,229,Cash,7,3,4.7
7/8/2024 16:01,16:01:00,CNR3011053515,Canceled by Driver,CID131209,Bike,Rajajinagar,JP Nagar,null,null,null,Personal & Car related issue,null,null,470,null,0,null,null
7/29/2024 5:16,5:16:00,CNR4591666574,Success,CID229257,eBike,Ulsoor,Kengeri,196,115,null,null,No,null,278,UPI,48,3.5,4.2
7/28/2024 7:15,7:15:00,CNR1610148184,Success,CID131708,Mini,Sahakar Nagar,Kammanahalli,49,50,null,null,No,null,790,UPI,16,3.5,3.1
7/16/2024 3:48,3:48:00,CNR4526799105,Driver Not Found,CID880836,Prime SUV,Cox Town,Rajajinagar,null,null,null,null,null,null,941,null,0,null,null
7/7/2024 14:33,14:33:00,CNR7697944209,Driver Not Found,CID199182,Auto,Jayanagar,Shivajinagar,null,null,null,null,null,null,2801,null,0,null,null
7/19/2024 17:53,17:53:00,CNR7154043084,Success,CID391013,Auto,Marathahalli,Indiranagar,140,115,null,null,Yes,Customer Demand,525,UPI,11,3,4.5
7/20/2024 20:07,20:07:00,CNR9283642129,Canceled by Driver,CID276282,Prime SUV,RT Nagar,RT Nagar,null,null,null,Personal & Car related issue,null,null,433,null,0,null,null
7/21/2024 13:56,13:56:00,CNR4676896526,Canceled by Driver,CID494856,Auto,Varthur,Marathahalli,null,null,null,Customer related issue,null,null,376,null,0,null,null
7/14/2024 20:29,20:29:00,CNR1615053684,Success,CID180831,Mini,KR Puram,Ulsoor,252,140,null,null,No,null,346,Cash,13,3.7,4.1
7/2/2024 16:06,16:06:00,CNR7734380067,Canceled by Driver,CID853726,Prime SUV,Koramangala,JP Nagar,null,null,null,More than permitted people in there,null,null,260,null,0,null,null
7/19/2024 20:42,20:42:00,CNR4851775364,Success,CID438573,Bike,Jayanagar,Chickpet,91,50,null,null,No,null,213,Cash,14,4,3.8
7/17/2024 15:07,15:07:00,CNR7896256729,Success,CID279281,Mini,Banashankari,Kengeri,210,145,null,null,No,null,286,Cash,13,4.2,3.8
7/2/2024 19:25,19:25:00,CNR7042244136,Success,CID998521,Prime Plus,Marathahalli,Sahakar Nagar,126,30,null,null,No,null,156,Cash,25,3.7,3.4
7/6/2024 7:59,7:59:00,CNR7908519469,Success,CID357963,eBike,Nagarbhavi,KR Puram,301,75,null,null,No,null,757,Credit Card,30,3.2,4.7
7/11/2024 4:46,4:46:00,CNR1121889731,Success,CID208336,Prime Sedan,Devanahalli,Mysore Road,301,60,null,null,No,null,390,Cash,42,4.8,4
7/18/2024 15:01,15:01:00,CNR3193710797,Success,CID467902,Prime Sedan,Padmanabhanagar,Richmond Town,161,120,null,null,Yes,Other Issue,976,UPI,27,4.3,4.3
7/8/2024 3:32,3:32:00,CNR9772059065,Success,CID811485,Bike,Shantinagar,Rajajinagar,210,35,null,null,No,null,683,Cash,14,4.7,3.4
7/29/2024 21:12,21:12:00,CNR6820098709,Canceled by Driver,CID678710,eBike,Sahakar Nagar,Mysore Road,null,null,null,Personal & Car related issue,null,null,329,null,0,null,null
7/24/2024 15:36,15:36:00,CNR9590135968,Success,CID652106,eBike,Yeshwanthpur,Tumkur Road,105,60,null,null,No,null,999,UPI,43,4.6,4.2
7/8/2024 18:08,18:08:00,CNR4053893416,Success,CID708547,Auto,Vijayanagar,Rajarajeshwari Nagar,259,30,null,null,No,null,283,UPI,7,3.4,3.4
7/18/2024 15:06,15:06:00,CNR5706980210,Success,CID228167,eBike,Malleshwaram,Indiranagar,168,120,null,null,No,null,463,Cash,15,4.4,3.6
7/16/2024 15:17,15:17:00,CNR8545338624,Success,CID691224,Auto,Electronic City,JP Nagar,140,145,null,null,No,null,353,UPI,7,4.7,4.9
7/2/2024 0:04,0:04:00,CNR6792235623,Driver Not Found,CID439520,Prime Sedan,Devanahalli,JP Nagar,null,null,null,null,null,null,495,null,0,null,null
7/12/2024 13:28,13:28:00,CNR3347159067,Success,CID823164,Auto,Varthur,Kengeri,133,135,null,null,No,null,292,UPI,16,4.6,3.5
7/6/2024 15:29,15:29:00,CNR2200769825,Success,CID637025,Prime Plus,Mysore Road,Malleshwaram,210,25,null,null,No,null,448,UPI,15,3.2,4.9
7/30/2024 14:25,14:25:00,CNR8037382031,Canceled by Customer,CID440310,Prime SUV,Indiranagar,Hosur Road,null,null,AC is Not working,null,null,null,103,null,0,null,null
7/14/2024 2:37,2:37:00,CNR8476582596,Canceled by Driver,CID687136,Auto,Richmond Town,Electronic City,null,null,null,More than permitted people in there,null,null,186,null,0,null,null
7/2/2024 6:30,6:30:00,CNR7073850950,Success,CID880026,Auto,Vijayanagar,Langford Town,301,105,null,null,Yes,Customer Demand,110,Cash,3,3.7,3.6
7/10/2024 18:50,18:50:00,CNR6613464835,Canceled by Customer,CID489613,Mini,Whitefield,Vijayanagar,null,null,Change of plans,null,null,null,173,null,0,null,null
7/28/2024 9:40,9:40:00,CNR7956960667,Success,CID407740,Prime Plus,Nagarbhavi,Shivajinagar,210,105,null,null,No,null,512,Cash,14,4.9,4.9
7/26/2024 18:46,18:46:00,CNR3469722999,Driver Not Found,CID822937,Prime SUV,Jayanagar,Peenya,null,null,null,null,null,null,2005,null,0,null,null
7/20/2024 8:46,8:46:00,CNR9952584604,Success,CID184856,Bike,Hosur Road,Hennur,224,65,null,null,Yes,Customer Demand,238,Cash,18,4.7,4.6
7/27/2024 18:23,18:23:00,CNR5433575259,Success,CID763377,Prime Sedan,Indiranagar,Langford Town,189,135,null,null,Yes,Vehicle Breakdown,1921,UPI,40,3.3,3.9
7/20/2024 5:13,5:13:00,CNR3797151024,Driver Not Found,CID106150,Mini,KR Puram,Banashankari,null,null,null,null,null,null,296,null,0,null,null
7/9/2024 9:36,9:36:00,CNR1888228418,Success,CID913584,eBike,Kadugodi,Varthur,273,110,null,null,No,null,499,Cash,14,4.8,3.9
7/23/2024 12:03,12:03:00,CNR6094620721,Success,CID195370,Prime Plus,JP Nagar,Mysore Road,238,25,null,null,No,null,525,Cash,22,4.3,4
7/30/2024 6:56,6:56:00,CNR2029679396,Success,CID825106,Prime Plus,Peenya,Frazer Town,105,30,null,null,No,null,308,Cash,13,4.7,3.3
7/5/2024 7:11,7:11:00,CNR5108136862,Canceled by Customer,CID869726,Prime SUV,Chickpet,JP Nagar,null,null,Driver asked to cancel,null,null,null,118,null,0,null,null
7/30/2024 15:14,15:14:00,CNR9998375791,Success,CID173858,Mini,Hosur Road,Yeshwanthpur,203,90,null,null,No,null,164,UPI,33,3.6,3.8
7/30/2024 10:26,10:26:00,CNR7197746515,Canceled by Driver,CID911238,Mini,Banashankari,HSR Layout,null,null,null,Customer related issue,null,null,228,null,0,null,null
7/27/2024 11:45,11:45:00,CNR3914143185,Canceled by Customer,CID656359,Bike,Kadugodi,Chickpet,null,null,Change of plans,null,null,null,326,null,0,null,null
7/28/2024 7:49,7:49:00,CNR4970390019,Driver Not Found,CID656067,Bike,MG Road,Sahakar Nagar,null,null,null,null,null,null,849,null,0,null,null
7/4/2024 6:05,6:05:00,CNR4643101961,Success,CID843965,Prime Sedan,RT Nagar,Basavanagudi,308,110,null,null,No,null,678,Cash,32,4.6,3.5
7/4/2024 22:42,22:42:00,CNR9462510170,Canceled by Customer,CID517686,Prime Plus,Mysore Road,Ulsoor,null,null,Driver is not moving towards pickup location,null,null,null,431,null,0,null,null
7/4/2024 2:29,2:29:00,CNR3791458762,Success,CID253766,Prime Sedan,Malleshwaram,Marathahalli,280,80,null,null,No,null,235,UPI,13,4,3.9
7/20/2024 15:11,15:11:00,CNR6755458210,Success,CID762854,Mini,Magadi Road,Richmond Town,119,110,null,null,No,null,223,Cash,3,5,4.8
7/14/2024 22:17,22:17:00,CNR6729349884,Success,CID901336,Prime SUV,Bellandur,Kadugodi,49,95,null,null,No,null,445,Cash,48,3.2,4.7
7/13/2024 21:16,21:16:00,CNR3435305950,Success,CID780659,Prime Sedan,Hulimavu,Chamarajpet,98,125,null,null,No,null,601,UPI,22,3.7,3.4
7/17/2024 8:43,8:43:00,CNR2586365783,Canceled by Driver,CID105655,eBike,Chamarajpet,Electronic City,null,null,null,More than permitted people in there,null,null,198,null,0,null,null
7/19/2024 23:17,23:17:00,CNR3475649716,Canceled by Driver,CID154151,Prime Sedan,JP Nagar,Hosur Road,null,null,null,Personal & Car related issue,null,null,358,null,0,null,null
7/7/2024 16:50,16:50:00,CNR1463816868,Success,CID517719,Prime SUV,HSR Layout,Hulimavu,189,80,null,null,No,null,492,Cash,6,4.5,3.9
7/9/2024 2:29,2:29:00,CNR1412682969,Success,CID763740,Prime SUV,Electronic City,Vijayanagar,231,60,null,null,No,null,280,UPI,31,4.1,4.8
7/7/2024 2:53,2:53:00,CNR5341551432,Canceled by Customer,CID506435,Mini,Hebbal,Koramangala,null,null,Driver is not moving towards pickup location,null,null,null,233,null,0,null,null
7/11/2024 19:20,19:20:00,CNR5793610952,Success,CID490677,Bike,KR Puram,JP Nagar,56,130,null,null,No,null,984,Credit Card,24,3.9,3.7
7/3/2024 8:50,8:50:00,CNR1072231824,Success,CID703152,Auto,Ramamurthy Nagar,JP Nagar,56,120,null,null,No,null,100,Cash,7,3.5,4
7/15/2024 8:32,8:32:00,CNR1799581315,Canceled by Customer,CID493145,Mini,Varthur,Peenya,null,null,Change of plans,null,null,null,1899,null,0,null,null
7/23/2024 6:57,6:57:00,CNR9707279332,Success,CID666870,Prime Sedan,Rajarajeshwari Nagar,Hulimavu,147,55,null,null,No,null,833,UPI,14,3.3,3.1
7/23/2024 12:35,12:35:00,CNR2270293390,Success,CID656262,eBike,Marathahalli,Shivajinagar,133,105,null,null,No,null,435,UPI,3,4.1,3
7/28/2024 6:54,6:54:00,CNR3950192876,Driver Not Found,CID421288,Mini,Yelahanka,Malleshwaram,null,null,null,null,null,null,1703,null,0,null,null
7/4/2024 21:00,21:00:00,CNR9406709395,Success,CID139229,Auto,Ulsoor,Yeshwanthpur,196,105,null,null,No,null,484,UPI,5,4,3.3
7/5/2024 22:33,22:33:00,CNR8975176661,Success,CID173986,Auto,Rajarajeshwari Nagar,Sahakar Nagar,189,125,null,null,No,null,680,UPI,7,3.8,3.6
7/21/2024 10:55,10:55:00,CNR5071594520,Success,CID740051,Bike,KR Puram,Jayanagar,280,85,null,null,No,null,229,Cash,16,3.1,3.4
7/10/2024 1:20,1:20:00,CNR2377184626,Driver Not Found,CID323252,Prime Plus,Devanahalli,Banashankari,null,null,null,null,null,null,609,null,0,null,null
7/4/2024 20:48,20:48:00,CNR3575066041,Success,CID499436,Prime SUV,Shivajinagar,RT Nagar,301,105,null,null,Yes,Vehicle Breakdown,181,Credit Card,2,3.3,4.8
7/28/2024 12:22,12:22:00,CNR2930589148,Success,CID732234,eBike,Kadugodi,Ulsoor,105,140,null,null,No,null,717,UPI,3,4.9,3.3
7/17/2024 1:12,1:12:00,CNR7831208502,Success,CID737968,Auto,RT Nagar,Cox Town,245,135,null,null,No,null,262,Credit Card,12,3.5,3.7
7/15/2024 2:41,2:41:00,CNR8629694130,Canceled by Driver,CID321356,Prime SUV,Electronic City,KR Puram,null,null,null,Personal & Car related issue,null,null,158,null,0,null,null
7/5/2024 23:51,23:51:00,CNR8827885570,Success,CID521045,Prime SUV,Shantinagar,JP Nagar,63,95,null,null,No,null,231,Cash,49,4.8,3.2
7/9/2024 13:36,13:36:00,CNR1502301342,Success,CID545036,Bike,Chamarajpet,Peenya,119,100,null,null,No,null,246,UPI,23,3.9,3.3
7/7/2024 22:52,22:52:00,CNR1372123891,Canceled by Customer,CID348365,Prime SUV,Cox Town,Vijayanagar,null,null,Driver asked to cancel,null,null,null,228,null,0,null,null
7/3/2024 20:15,20:15:00,CNR3907697108,Success,CID234494,Prime SUV,Bellandur,Hosur Road,70,70,null,null,No,null,427,Cash,1,3.5,3
7/5/2024 17:47,17:47:00,CNR2390405629,Success,CID686818,Mini,MG Road,Richmond Town,287,110,null,null,No,null,305,Cash,37,3.2,3.3
7/19/2024 13:20,13:20:00,CNR5914410116,Success,CID903819,Prime SUV,MG Road,Marathahalli,203,80,null,null,No,null,270,Cash,8,4.3,4.5
7/3/2024 20:40,20:40:00,CNR9545114159,Canceled by Driver,CID576096,Prime Plus,BTM Layout,Frazer Town,null,null,null,Customer related issue,null,null,1501,null,0,null,null
7/21/2024 10:39,10:39:00,CNR4224138624,Success,CID990844,eBike,Kadugodi,Whitefield,175,35,null,null,No,null,489,UPI,16,3.7,3.9
7/14/2024 23:58,23:58:00,CNR5217934339,Success,CID427019,Prime SUV,Electronic City,Majestic,224,75,null,null,No,null,791,UPI,21,5,3.9
7/16/2024 19:16,19:16:00,CNR6744298420,Canceled by Driver,CID339373,Auto,Hebbal,Koramangala,null,null,null,Customer related issue,null,null,400,null,0,null,null
7/5/2024 8:54,8:54:00,CNR7537935962,Success,CID200131,eBike,Shantinagar,Hebbal,63,100,null,null,Yes,Customer Demand,460,UPI,4,3.6,3.7
7/26/2024 16:01,16:01:00,CNR6035356524,Canceled by Driver,CID375929,Auto,Rajarajeshwari Nagar,Koramangala,null,null,null,Customer related issue,null,null,354,null,0,null,null
7/20/2024 16:43,16:43:00,CNR4079474864,Success,CID197349,Prime Sedan,Peenya,Varthur,140,90,null,null,No,null,2047,UPI,29,3,3.7
7/24/2024 3:31,3:31:00,CNR4597527178,Canceled by Driver,CID768687,Prime Plus,Ramamurthy Nagar,Ramamurthy Nagar,null,null,null,Personal & Car related issue,null,null,418,null,0,null,null
7/19/2024 3:58,3:58:00,CNR1983010766,Success,CID811508,Prime Plus,Whitefield,Indiranagar,147,50,null,null,No,null,2655,UPI,26,3.3,4.5
7/2/2024 17:11,17:11:00,CNR4517742155,Canceled by Driver,CID137387,Prime Plus,KR Puram,Hosur Road,null,null,null,More than permitted people in there,null,null,364,null,0,null,null
7/11/2024 8:02,8:02:00,CNR4679441912,Success,CID501578,Bike,JP Nagar,Shivajinagar,224,130,null,null,No,null,2655,Cash,4,3.1,4.4
7/10/2024 1:13,1:13:00,CNR1076402213,Success,CID133857,Mini,Kengeri,JP Nagar,140,50,null,null,No,null,828,Cash,34,4.1,4.8
7/22/2024 17:10,17:10:00,CNR6208623380,Success,CID612908,eBike,Chickpet,Indiranagar,217,35,null,null,No,null,276,UPI,34,4.4,4.1
7/13/2024 22:21,22:21:00,CNR3629707818,Canceled by Customer,CID176370,eBike,Hulimavu,Majestic,null,null,Driver asked to cancel,null,null,null,2712,null,0,null,null
7/2/2024 7:02,7:02:00,CNR5856350738,Success,CID362252,Prime SUV,MG Road,Hebbal,217,115,null,null,No,null,379,Cash,30,4.7,4.5
7/2/2024 2:35,2:35:00,CNR2780804227,Driver Not Found,CID211065,Prime SUV,Hebbal,Vijayanagar,null,null,null,null,null,null,316,null,0,null,null
7/14/2024 3:32,3:32:00,CNR7556753006,Canceled by Customer,CID898523,Mini,Langford Town,KR Puram,null,null,AC is Not working,null,null,null,303,null,0,null,null
7/13/2024 0:32,0:32:00,CNR2722435581,Success,CID877036,Mini,Padmanabhanagar,Malleshwaram,98,55,null,null,Yes,Vehicle Breakdown,323,UPI,14,4.2,4.5
7/29/2024 11:19,11:19:00,CNR9290227906,Canceled by Driver,CID753312,Prime Sedan,Vijayanagar,Ramamurthy Nagar,null,null,null,Customer related issue,null,null,840,null,0,null,null
7/16/2024 18:09,18:09:00,CNR1347489072,Success,CID285104,eBike,Hennur,Hosur Road,273,55,null,null,No,null,676,UPI,8,3.6,3.9
7/17/2024 20:57,20:57:00,CNR7720291436,Success,CID133774,Prime SUV,Shantinagar,Chamarajpet,252,95,null,null,No,null,387,Cash,19,4.4,4.8
7/27/2024 17:14,17:14:00,CNR6838162057,Success,CID662763,Prime Plus,Ulsoor,BTM Layout,273,130,null,null,No,null,349,UPI,6,4.9,4
7/4/2024 20:13,20:13:00,CNR6166016638,Canceled by Customer,CID662385,Prime SUV,Sahakar Nagar,BTM Layout,null,null,Driver is not moving towards pickup location,null,null,null,743,null,0,null,null
7/16/2024 10:17,10:17:00,CNR8406580820,Success,CID649349,Auto,Banashankari,Yeshwanthpur,245,55,null,null,No,null,173,Cash,17,4.3,4.6
7/29/2024 8:28,8:28:00,CNR5947910660,Success,CID422131,Auto,Rajajinagar,HSR Layout,287,120,null,null,No,null,105,UPI,13,4.5,3.5
7/12/2024 9:52,9:52:00,CNR8113882660,Success,CID445833,Prime SUV,JP Nagar,Yeshwanthpur,42,30,null,null,No,null,552,Cash,5,4.5,3.8
7/3/2024 7:09,7:09:00,CNR3789535898,Canceled by Driver,CID526348,Mini,Marathahalli,Marathahalli,null,null,null,Customer was coughing/sick,null,null,313,null,0,null,null
7/10/2024 17:06,17:06:00,CNR9181242940,Canceled by Customer,CID363462,Mini,Hebbal,Peenya,null,null,AC is Not working,null,null,null,424,null,0,null,null
7/12/2024 20:10,20:10:00,CNR6438361240,Success,CID552719,Auto,Richmond Town,Banashankari,308,130,null,null,No,null,493,UPI,7,3.8,4.7
7/17/2024 10:08,10:08:00,CNR8478583704,Canceled by Driver,CID176945,Prime SUV,Frazer Town,RT Nagar,null,null,null,Personal & Car related issue,null,null,394,null,0,null,null
7/23/2024 8:25,8:25:00,CNR5495479048,Success,CID497169,Auto,Sarjapur Road,Basavanagudi,77,100,null,null,Yes,Other Issue,2890,Cash,7,4.1,4.5
7/10/2024 3:59,3:59:00,CNR1747667235,Canceled by Driver,CID972016,Prime Sedan,Bannerghatta Road,Frazer Town,null,null,null,Personal & Car related issue,null,null,135,null,0,null,null
7/25/2024 15:46,15:46:00,CNR8742059228,Canceled by Driver,CID912775,eBike,Langford Town,Padmanabhanagar,null,null,null,More than permitted people in there,null,null,179,null,0,null,null
7/30/2024 12:24,12:24:00,CNR2249500651,Success,CID195665,Prime SUV,Tumkur Road,Frazer Town,63,40,null,null,No,null,280,Cash,20,4.5,4.8
7/29/2024 15:02,15:02:00,CNR3015771885,Success,CID918718,Prime SUV,Vijayanagar,Hulimavu,77,75,null,null,No,null,354,Cash,24,4.6,4.1
7/14/2024 11:05,11:05:00,CNR9742204042,Success,CID292149,Prime Sedan,Shivajinagar,Yeshwanthpur,301,135,null,null,No,null,439,Cash,44,4.4,4.8
7/20/2024 13:28,13:28:00,CNR5414088243,Driver Not Found,CID993758,Auto,Banashankari,Nagarbhavi,null,null,null,null,null,null,645,null,0,null,null
7/28/2024 16:28,16:28:00,CNR5897488662,Success,CID352984,Auto,Bannerghatta Road,Shantinagar,189,85,null,null,No,null,264,Cash,4,3.6,3.4
7/23/2024 0:13,0:13:00,CNR8097977794,Success,CID789728,Auto,Kadugodi,Electronic City,119,100,null,null,No,null,445,Cash,15,3.9,4.7
7/5/2024 11:19,11:19:00,CNR7665734704,Success,CID921378,Prime Plus,Mysore Road,Padmanabhanagar,84,95,null,null,No,null,399,Cash,26,4.4,4
7/20/2024 13:04,13:04:00,CNR3295803854,Success,CID835843,Prime Plus,Indiranagar,Kammanahalli,112,100,null,null,No,null,496,UPI,33,5,4.9
7/12/2024 6:15,6:15:00,CNR1857015366,Driver Not Found,CID673441,Auto,Cox Town,Chamarajpet,null,null,null,null,null,null,872,null,0,null,null
7/29/2024 18:54,18:54:00,CNR6533526552,Canceled by Customer,CID221628,Auto,Yelahanka,Ulsoor,null,null,Driver asked to cancel,null,null,null,346,null,0,null,null
7/30/2024 15:50,15:50:00,CNR4196099018,Driver Not Found,CID850806,Auto,Cox Town,Peenya,null,null,null,null,null,null,387,null,0,null,null
7/5/2024 22:10,22:10:00,CNR6151870263,Driver Not Found,CID807991,Prime Plus,Shantinagar,Shantinagar,null,null,null,null,null,null,247,null,0,null,null
7/23/2024 22:58,22:58:00,CNR4877674130,Success,CID108174,Auto,RT Nagar,Rajarajeshwari Nagar,175,25,null,null,No,null,767,UPI,8,4.3,4.5
7/17/2024 21:12,21:12:00,CNR3535977567,Success,CID310505,Prime Sedan,Kammanahalli,Yeshwanthpur,168,25,null,null,No,null,203,UPI,24,4.4,3.3
7/26/2024 7:08,7:08:00,CNR9380992083,Success,CID599667,Prime Sedan,Banashankari,Koramangala,203,125,null,null,No,null,658,UPI,45,3.5,4.9
7/22/2024 21:18,21:18:00,CNR2409982110,Success,CID949960,Auto,RT Nagar,Hennur,252,25,null,null,No,null,366,Cash,8,4.1,3.4
7/5/2024 5:50,5:50:00,CNR1744423480,Canceled by Customer,CID759125,Bike,Indiranagar,Rajarajeshwari Nagar,null,null,Driver is not moving towards pickup location,null,null,null,229,null,0,null,null
7/9/2024 1:51,1:51:00,CNR8089487405,Success,CID921577,Prime Sedan,Ulsoor,Varthur,168,75,null,null,No,null,319,Cash,22,3.2,4
7/7/2024 8:26,8:26:00,CNR9791595498,Canceled by Customer,CID144808,Mini,Padmanabhanagar,Nagarbhavi,null,null,Driver asked to cancel,null,null,null,415,null,0,null,null
7/23/2024 14:50,14:50:00,CNR3216137549,Success,CID605790,Prime SUV,Langford Town,Whitefield,119,90,null,null,No,null,775,Cash,23,4.2,3.3
7/9/2024 2:52,2:52:00,CNR7433975344,Success,CID102370,Auto,Shivajinagar,Chickpet,98,65,null,null,No,null,396,UPI,18,3.6,3.4
7/16/2024 19:34,19:34:00,CNR2752149819,Success,CID868307,Mini,Ulsoor,Chamarajpet,280,110,null,null,No,null,411,Debit Card,44,3,3.9
7/7/2024 0:15,0:15:00,CNR7450856558,Success,CID121389,Prime Sedan,Chickpet,Electronic City,266,40,null,null,No,null,168,Cash,31,4.9,4.7
7/13/2024 5:26,5:26:00,CNR7687168562,Canceled by Customer,CID291794,Prime Plus,RT Nagar,Hulimavu,null,null,Driver asked to cancel,null,null,null,499,null,0,null,null
7/18/2024 17:08,17:08:00,CNR2616039565,Canceled by Customer,CID880418,Prime Sedan,Kengeri,Peenya,null,null,Wrong Address,null,null,null,342,null,0,null,null
7/16/2024 10:44,10:44:00,CNR9013990430,Success,CID293024,Prime Plus,Shantinagar,Frazer Town,301,60,null,null,No,null,460,Cash,33,4.8,4.9
7/25/2024 21:02,21:02:00,CNR6403693064,Driver Not Found,CID119823,Auto,Hebbal,Richmond Town,null,null,null,null,null,null,812,null,0,null,null
7/8/2024 5:08,5:08:00,CNR7512638761,Canceled by Driver,CID301991,Prime Plus,Chamarajpet,Devanahalli,null,null,null,More than permitted people in there,null,null,651,null,0,null,null
7/1/2024 11:47,11:47:00,CNR9577062720,Success,CID192204,Prime Sedan,BTM Layout,Chamarajpet,63,40,null,null,No,null,217,Cash,18,3.7,4.2
7/24/2024 10:04,10:04:00,CNR3021914528,Canceled by Driver,CID308808,eBike,Padmanabhanagar,Rajarajeshwari Nagar,null,null,null,Personal & Car related issue,null,null,252,null,0,null,null
7/3/2024 13:10,13:10:00,CNR9495436958,Success,CID946290,Prime Plus,Cox Town,Shantinagar,119,105,null,null,No,null,790,Cash,23,3.5,3.8
7/4/2024 19:07,19:07:00,CNR6179732934,Driver Not Found,CID692565,Prime Plus,Kammanahalli,Vijayanagar,null,null,null,null,null,null,285,null,0,null,null
7/30/2024 12:03,12:03:00,CNR1525361077,Success,CID911746,Prime Sedan,Bannerghatta Road,Hulimavu,294,140,null,null,No,null,2509,UPI,10,4.7,4.5
7/1/2024 3:07,3:07:00,CNR1647637548,Success,CID801387,Mini,Shivajinagar,Peenya,49,75,null,null,No,null,615,UPI,1,4.2,4.9
7/24/2024 18:28,18:28:00,CNR4195153311,Success,CID139167,Prime Sedan,Ulsoor,Majestic,238,75,null,null,No,null,237,UPI,38,5,3.4
7/10/2024 7:37,7:37:00,CNR4827484325,Driver Not Found,CID854470,Bike,Peenya,Chickpet,null,null,null,null,null,null,356,null,0,null,null
7/10/2024 21:35,21:35:00,CNR8000993482,Success,CID855897,Prime SUV,Frazer Town,Ramamurthy Nagar,266,40,null,null,No,null,1835,Credit Card,37,3.6,4.8
7/16/2024 13:54,13:54:00,CNR2588489711,Success,CID271119,Prime Sedan,Hebbal,Bannerghatta Road,231,75,null,null,No,null,1065,UPI,40,3.4,4.1
7/10/2024 8:32,8:32:00,CNR5234253257,Success,CID702250,Prime SUV,Basavanagudi,Chamarajpet,77,135,null,null,No,null,393,UPI,22,3.3,4.3
7/18/2024 1:15,1:15:00,CNR2564639381,Canceled by Driver,CID916466,Auto,Nagarbhavi,RT Nagar,null,null,null,Personal & Car related issue,null,null,495,null,0,null,null
7/5/2024 17:11,17:11:00,CNR4011678024,Canceled by Customer,CID283251,Mini,Tumkur Road,Sarjapur Road,null,null,Driver is not moving towards pickup location,null,null,null,390,null,0,null,null
7/15/2024 16:48,16:48:00,CNR9128487422,Driver Not Found,CID287874,Prime SUV,RT Nagar,Hosur Road,null,null,null,null,null,null,237,null,0,null,null
7/26/2024 9:25,9:25:00,CNR5276752307,Canceled by Driver,CID893272,Prime Plus,Ulsoor,Hennur,null,null,null,Personal & Car related issue,null,null,752,null,0,null,null
7/29/2024 3:41,3:41:00,CNR9371669050,Success,CID686863,eBike,Cox Town,Langford Town,231,90,null,null,No,null,256,UPI,32,3.9,4.4
7/5/2024 16:08,16:08:00,CNR4457088806,Success,CID263437,Mini,Chickpet,Electronic City,42,40,null,null,No,null,309,Cash,24,4,3.6
7/4/2024 22:11,22:11:00,CNR4354062360,Canceled by Driver,CID505113,Mini,RT Nagar,Peenya,null,null,null,Personal & Car related issue,null,null,782,null,0,null,null
7/8/2024 16:35,16:35:00,CNR6491123218,Canceled by Driver,CID987117,Prime Sedan,Varthur,Indiranagar,null,null,null,Personal & Car related issue,null,null,208,null,0,null,null
7/3/2024 3:58,3:58:00,CNR8467747572,Canceled by Customer,CID359528,Mini,Mysore Road,Mysore Road,null,null,AC is Not working,null,null,null,567,null,0,null,null
7/26/2024 21:54,21:54:00,CNR6809456544,Success,CID360773,Auto,Tumkur Road,Padmanabhanagar,84,125,null,null,No,null,228,Cash,13,3.7,4.6
7/20/2024 3:56,3:56:00,CNR1862612151,Success,CID847056,Prime Sedan,Kengeri,Mysore Road,301,60,null,null,No,null,364,Credit Card,5,4,4.8
7/4/2024 4:33,4:33:00,CNR3686926291,Success,CID868427,eBike,Ramamurthy Nagar,MG Road,56,45,null,null,No,null,2944,Cash,3,4.6,4.8
7/14/2024 10:04,10:04:00,CNR5872044172,Success,CID808072,Prime Plus,Kengeri,Whitefield,77,80,null,null,No,null,412,Cash,9,4.8,4.5
7/15/2024 7:52,7:52:00,CNR8328108729,Success,CID812644,Mini,Peenya,Basavanagudi,35,90,null,null,No,null,216,Cash,17,4.5,3.4
7/1/2024 2:13,2:13:00,CNR5988079650,Driver Not Found,CID360385,Prime Plus,JP Nagar,Ulsoor,null,null,null,null,null,null,2143,null,0,null,null
7/7/2024 4:55,4:55:00,CNR3276138022,Canceled by Driver,CID924057,Prime Sedan,Magadi Road,Yeshwanthpur,null,null,null,Customer was coughing/sick,null,null,172,null,0,null,null
7/11/2024 17:35,17:35:00,CNR3958098786,Success,CID685088,Prime Plus,Kadugodi,Sahakar Nagar,119,130,null,null,No,null,2429,Cash,33,3.9,3.1
7/4/2024 18:01,18:01:00,CNR1816364514,Success,CID953810,Auto,Varthur,Marathahalli,91,30,null,null,No,null,809,UPI,1,3.9,3.4
7/11/2024 9:55,9:55:00,CNR2849784490,Success,CID760035,Auto,Ulsoor,Rajarajeshwari Nagar,210,85,null,null,No,null,451,UPI,4,3.2,3.6
7/3/2024 20:03,20:03:00,CNR6972748438,Success,CID554381,Prime SUV,Vijayanagar,Majestic,280,50,null,null,No,null,133,UPI,21,4.1,5
7/9/2024 9:04,9:04:00,CNR1791648324,Canceled by Driver,CID663767,Prime Sedan,Koramangala,Rajajinagar,null,null,null,Personal & Car related issue,null,null,367,null,0,null,null
7/10/2024 20:01,20:01:00,CNR7103761124,Driver Not Found,CID674742,Bike,Rajajinagar,JP Nagar,null,null,null,null,null,null,742,null,0,null,null
7/3/2024 23:05,23:05:00,CNR6585703917,Success,CID397507,Auto,HSR Layout,Indiranagar,280,105,null,null,Yes,Customer Demand,489,Cash,2,4.8,4.4
7/21/2024 9:59,9:59:00,CNR3296240325,Success,CID133645,eBike,Whitefield,Hennur,182,100,null,null,No,null,506,Cash,31,3.6,4.9
7/14/2024 3:57,3:57:00,CNR8223523166,Driver Not Found,CID437999,Bike,Whitefield,Mysore Road,null,null,null,null,null,null,601,null,0,null,null
7/1/2024 6:47,6:47:00,CNR9735660911,Success,CID838803,Prime SUV,Bannerghatta Road,Yelahanka,217,115,null,null,No,null,379,UPI,27,3.4,3.8
7/7/2024 22:18,22:18:00,CNR4329982789,Canceled by Customer,CID588544,Bike,Varthur,Ulsoor,null,null,AC is Not working,null,null,null,241,null,0,null,null
